Term,Week,Monday,Friday,Programming,Theory,Databases,"Dates and tasks"
"Term 1",1,2027-01-11,2027-01-15,"Java 31 (part): The PAT - IEB
Java 16 (part): Arrays - remembering a whole list","What makes a computer fast","SQL 3: Keys and relationships
SQL 4: A good design","Term 1 starts"
"Term 1",2,2027-01-18,2027-01-22,"Java 16 (part): Arrays - remembering a whole list (continued)
Java 18 (part): Persistence - Text files","What makes a computer fast (continued)
Choosing a computer for the job","SQL 4: A good design (continued)
SQL 5: Normalisation step by step
SQL 6 (part): Looking after data",
"Term 1",3,2027-01-25,2027-01-29,"Java 18 (part): Persistence - Text files (continued)
Java 21 (part): Managing a list - the array manager class","Choosing a computer for the job (continued)
Cloud computing","SQL 7: Big data
SQL 16: Joining tables",
"Term 1",4,2027-02-01,2027-02-05,"Java 21 (part): Managing a list - the array manager class (continued)","Cloud computing (continued)
Artificial intelligence","SQL 16: Joining tables (continued)
SQL 17 (part): Questions inside questions",
"Term 1",5,2027-02-08,2027-02-12,"Java 21 (part): Managing a list - the array manager class (continued)","Artificial intelligence (continued)
VR, AR and MR",,
"Term 1",6,2027-02-15,2027-02-19,"Java 21 (part): Managing a list - the array manager class (continued)
Java 22 (part): Family trees - Inheritance and polymorphism","VR, AR and MR (continued)
Collecting and caring for data",,
"Term 1",7,2027-02-22,2027-02-26,"Java 22 (part): Family trees - Inheritance and polymorphism (continued)","Collecting and caring for data (continued)
Data warehouses, data mining and big data",,
"Term 1",8,2027-03-01,2027-03-05,"Java 22 (part): Family trees - Inheritance and polymorphism (continued)","Centralised and distributed processing",,
"Term 1",9,2027-03-08,2027-03-12,"Practice, consolidation and PAT work","Sharing and remote access
Connecting a home or school",,
"Term 1",10,2027-03-15,2027-03-19,"Practice, consolidation and PAT work","Connecting a home or school (continued)
Better searching and SEO",,"Term 1 ends"
"Term 2",1,2027-04-05,2027-04-09,"Practice, consolidation and PAT work","Better searching and SEO (continued)
How online applications work",,"Term 2 starts"
"Term 2",2,2027-04-12,2027-04-16,"Practice, consolidation and PAT work","How online applications work (continued)
The deep web and the dark web",,
"Term 2",3,2027-04-19,2027-04-23,"Practice, consolidation and PAT work","Keys, SSL and certificates
Cryptocurrency",,
"Term 2",4,2027-04-26,2027-04-30,"Practice, consolidation and PAT work","Cryptocurrency (continued)
Cybercrime in depth",,
"Term 2",5,2027-05-03,2027-05-07,"Practice, consolidation and PAT work","Cybercrime in depth (continued)
Evaluating and recommending security",,
"Term 2",6,2027-05-10,2027-05-14,"Practice, consolidation and PAT work","Evaluating and recommending security (continued)
Privacy, rights and the law",,
"Term 2",7,2027-05-17,2027-05-21,"Practice, consolidation and PAT work","Privacy, rights and the law (continued)
Computers and the big problems",,
"Term 2",8,2027-05-24,2027-05-28,"Practice, consolidation and PAT work","Computers and the big problems (continued)
Social networking and its effects",,
"Term 2",9,2027-05-31,2027-06-04,,,,"Mid-year exams"
"Term 2",10,2027-06-07,2027-06-11,,,,"Mid-year exams"
"Term 2",11,2027-06-14,2027-06-18,,,,"Mid-year exams"
"Term 2",12,2027-06-21,2027-06-25,"Practice, consolidation and PAT work","Social networking and its effects (continued)
Green computing",,"Term 2 ends"
"Term 3",1,2027-07-19,2027-07-23,"Practice, consolidation and PAT work","Green computing (continued)
Objects in depth",,"Term 3 starts"
"Term 3",2,2027-07-26,2027-07-30,"Practice, consolidation and PAT work","Objects in depth (continued)
Two-dimensional arrays",,
"Term 3",3,2027-08-02,2027-08-06,"Practice, consolidation and PAT work","Two-dimensional arrays (continued)
Dynamic arrays and JSON",,
"Term 3",4,2027-08-09,2027-08-13,"Practice, consolidation and PAT work","Dynamic arrays and JSON (continued)
Bigger truth tables",,
"Term 3",5,2027-08-16,2027-08-20,"Practice, consolidation and PAT work","Bigger truth tables (continued)
Efficient algorithms",,
"Term 3",6,2027-08-23,2027-08-27,,,,"Preliminary exams
Preliminary (trial) exams"
"Term 3",7,2027-08-30,2027-09-03,,,,"Preliminary exams
Preliminary (trial) exams"
"Term 3",8,2027-09-06,2027-09-10,,,,"Preliminary exams
Preliminary (trial) exams"
"Term 3",9,2027-09-13,2027-09-17,,,,"Preliminary exams
Preliminary (trial) exams"
"Term 3",10,2027-09-20,2027-09-24,"Java 29: Practical exam guide - IEB","Theory exam guide - IEB","SQL 18: Practical exam guide - IEB Section A","Term 3 ends"
"Term 4",1,2027-10-04,2027-10-08,"Java 29: Practical exam guide - IEB (continued)","Theory revision and past-paper questions",,"Term 4 starts"
"Term 4",2,2027-10-11,2027-10-15,,,,"Final exams
Final (NSC) exams start"
"Term 4",3,2027-10-18,2027-10-22,,,,"Final exams"
"Term 4",4,2027-10-25,2027-10-29,,,,"Final exams"
"Term 4",5,2027-11-01,2027-11-05,,,,"Final exams"
"Term 4",6,2027-11-08,2027-11-12,,,,"Final exams"
"Term 4",7,2027-11-15,2027-11-19,,,,"Final exams"
"Term 4",8,2027-11-22,2027-11-26,,,,"Final exams"
"Term 4",9,2027-11-29,2027-12-03,,,,"Final exams"
"Term 4",10,2027-12-06,2027-12-10,,,,"Final exams
Term 4 ends"
