Topic,Video title,Link,Channel,Found via,Source page file,Video ID
Data Comms: E-Communications,IRC Chat - How to Use The Social Underground of Geeks,https://www.youtube.com/watch?v=gavdElFoTWI,DASGeek,Embedded on the page,dc_e-comms.php,gavdElFoTWI
Hardware: Communications,Computer Basics: Connecting to the Internet,https://www.youtube.com/watch?v=hMX6dVa61t0,LearnFree,Playlist: Grd 10 IT Hardware - Communications,hw_communications.php,hMX6dVa61t0
Hardware: Communications,Is Public Wi-Fi Safe?,https://www.youtube.com/watch?v=bdVkkRmJEeM,SciShow,Playlist: Grd 10 IT Hardware - Communications,hw_communications.php,bdVkkRmJEeM
Hardware: Communications,Routers vs. Switches vs. Access Points - And More,https://www.youtube.com/watch?v=Vc16CCAAz7Q,Techquickie,Playlist: Grd 10 IT Hardware - Communications,hw_communications.php,Vc16CCAAz7Q
Hardware: Communications,"The Internet: Wires, Cables & Wifi",https://www.youtube.com/watch?v=ZhEf7e4kopM,CodeAI,Playlist: Grd 10 IT Hardware - Communications,hw_communications.php,ZhEf7e4kopM
Hardware: Communications,Using a 56k Modem Today! | Nostalgia Nerd,https://www.youtube.com/watch?v=17zfz017s9A,Nostalgia Nerd,Playlist: Grd 10 IT Hardware - Communications,hw_communications.php,17zfz017s9A
Hardware: Communications,What is an ISP?,https://www.youtube.com/watch?v=_iInpeYsy3o,butterscotchcom,Playlist: Grd 10 IT Hardware - Communications,hw_communications.php,_iInpeYsy3o
Hardware: Communications,Where Should I Put My Wi-Fi Router?,https://www.youtube.com/watch?v=7uwEjfPvXPQ,SciShow,Playlist: Grd 10 IT Hardware - Communications,hw_communications.php,7uwEjfPvXPQ
Hardware: Input,3D Scanning as Fast As Possible,https://www.youtube.com/watch?v=tap6NbuGeeg,Techquickie,Playlist: Grd 10 IT Hardware Cameras Scanners OCR,hw_input.php,tap6NbuGeeg
Hardware: Input,5 Unique Ways to Use Sensors on an Android Device,https://www.youtube.com/watch?v=pVyUBZ_rZeQ,Beebom,Playlist: IT Grd 10 Hardware - Sensors & GPS,hw_input.php,pVyUBZ_rZeQ
Hardware: Input,5 Ways You're Sitting Wrong at Your Desk - Computer Desk Setup Ergonomics,https://www.youtube.com/watch?v=Ree1CWifQTg,David Zhang,Playlist: IT Grd 10 Ergonomics,hw_input.php,Ree1CWifQTg
Hardware: Input,Are Digital Cameras Still Worth Buying?,https://www.youtube.com/watch?v=2FfESeH7Rro,Techquickie,Playlist: Grd 10 IT Hardware Cameras Scanners OCR,hw_input.php,2FfESeH7Rro
Hardware: Input,Average Speed Over Distance Cameras | Tech Report,https://www.youtube.com/watch?v=dZxO063Eg4Q,eNCATechReport,Playlist: IT Grd 10 Hardware - Sensors & GPS,hw_input.php,dZxO063Eg4Q
Hardware: Input,Awesome and weirdest use cases of RFID,https://www.youtube.com/watch?v=RPgCm81y3lU,UNext Learning ,Playlist: Grd 10 IT Hardware RFID,hw_input.php,RPgCm81y3lU
Hardware: Input,Biometric identification,https://www.youtube.com/watch?v=eZTfgNIiNUA,AFP News Agency,Playlist: IT Grd 10 Hardware - Sensors & GPS,hw_input.php,eZTfgNIiNUA
Hardware: Input,Biometric Scanners as Fast As Possible,https://www.youtube.com/watch?v=ZVNp3WiruzM,Techquickie,Playlist: Grd 10 IT Hardware Biometrics,hw_input.php,ZVNp3WiruzM
Hardware: Input,Biometrics Technology | Tech Report,https://www.youtube.com/watch?v=Vy2e_Zb0eoY,eNCATechReport,Playlist: IT Grd 10 Hardware - Sensors & GPS,hw_input.php,Vy2e_Zb0eoY
Hardware: Input,Camera Sensor Size Explained,https://www.youtube.com/watch?v=cBV8wpNmnpY,Channel 8,Playlist: Grd 10 IT Hardware Cameras Scanners OCR,hw_input.php,cBV8wpNmnpY
Hardware: Input,Can You Teach A Phone To See?,https://www.youtube.com/watch?v=spO3ugXq6Po,Nat and Friends,Playlist: Grd 10 IT Hardware Cameras Scanners OCR; Playlist: IT Grd 10 Hardware - Sensors & GPS,hw_input.php,spO3ugXq6Po
Hardware: Input,"Carpal tunnel syndrome - causes, symptoms, diagnosis, treatment & pathology",https://www.youtube.com/watch?v=cEO5YG8Y554,Osmosis from Elsevier,Playlist: IT Grd 10 Ergonomics,hw_input.php,cEO5YG8Y554
Hardware: Input,Computer Basics: Creating a Safe Workspace,https://www.youtube.com/watch?v=8M9HtW_SAQM,LearnFree,Playlist: IT Grd 10 Ergonomics,hw_input.php,8M9HtW_SAQM
Hardware: Input,Computer Ergonomics as Fast As Possible,https://www.youtube.com/watch?v=bLBKUbnLYTs,Techquickie,Playlist: IT Grd 10 Ergonomics,hw_input.php,bLBKUbnLYTs
Hardware: Input,"Computer vision syndrome : ""Mo screens, mo problems"" ft. Eyez Cube & The Bad Eyed Peas",https://www.youtube.com/watch?v=v_nyL9ns4Sw,Demystifying Medicine McMaster,Playlist: IT Grd 10 Ergonomics,hw_input.php,v_nyL9ns4Sw
Hardware: Input,Computer Vision: Crash Course Computer Science #35,https://www.youtube.com/watch?v=-4E2-0sxVUM,CrashCourse,Playlist: Grd 10 IT Hardware Cameras Scanners OCR; Playlist: IT Grd 10 Hardware - Sensors & GPS,hw_input.php,-4E2-0sxVUM
"Hardware: Input, Software: Application Software",Deepfakes - Real Consequences,https://www.youtube.com/watch?v=dMF2i3A9Lzw,ColdFusion,Playlist: Grd 10 IT Hardware Cameras Scanners OCR; Playlist: Grd 10 IT Software - Video,hw_input.php; sw_applications.php,dMF2i3A9Lzw
Hardware: Input,Explaining 3D Scanning,https://www.youtube.com/watch?v=TTCiOoedUco,ExplainingComputers,Playlist: Grd 10 IT Hardware Cameras Scanners OCR,hw_input.php,TTCiOoedUco
Hardware: Input,"How Computer Vision Is Finally Taking Off, After 50 Years",https://www.youtube.com/watch?v=eQLcDmfmGB0,Nat and Friends,Playlist: Grd 10 IT Hardware Cameras Scanners OCR; Playlist: IT Grd 10 Hardware - Sensors & GPS,hw_input.php,eQLcDmfmGB0
Hardware: Input,How computers learn to recognize objects instantly | Joseph Redmon,https://www.youtube.com/watch?v=Cgxsv1riJhI,TED,Playlist: Grd 10 IT Hardware Cameras Scanners OCR; Playlist: IT Grd 10 Hardware - Sensors & GPS,hw_input.php,Cgxsv1riJhI
Hardware: Input,How Do Barcodes Work | Earth Science,https://www.youtube.com/watch?v=VbHzx4nWqWY,BBC Earth Science,Playlist: Grd 10 IT Hardware Cameras Scanners OCR,hw_input.php,VbHzx4nWqWY
Hardware: Input,How Do Barcodes Work?,https://www.youtube.com/watch?v=pfeVckbQxdQ,sciBRIGHT,Playlist: Grd 10 IT Hardware Cameras Scanners OCR,hw_input.php,pfeVckbQxdQ
Hardware: Input,How do digital cameras work? | James May Q&A | Head Squeeze,https://www.youtube.com/watch?v=Ic0czeUJrGE,BBC Earth Science,Playlist: Grd 10 IT Hardware Cameras Scanners OCR,hw_input.php,Ic0czeUJrGE
Hardware: Input,How Do Driverless Cars Work? | Earth Science,https://www.youtube.com/watch?v=ZqRTVhiEiII,BBC Earth Science,Playlist: IT Grd 10 Hardware - Sensors & GPS,hw_input.php,ZqRTVhiEiII
Hardware: Input,How Do Scanners Work?,https://www.youtube.com/watch?v=OpBDTjw9yho,Techquickie,Playlist: Grd 10 IT Hardware Cameras Scanners OCR,hw_input.php,OpBDTjw9yho
Hardware: Input,How Does Fingerprint Scanning Work?,https://www.youtube.com/watch?v=oCY5sPkkaTM,Techquickie,Playlist: Grd 10 IT Hardware Biometrics,hw_input.php,oCY5sPkkaTM
Hardware: Input,How Does GPS Work?,https://www.youtube.com/watch?v=FU_pY2sTwTA,sciBRIGHT,Playlist: IT Grd 10 Hardware - Sensors & GPS,hw_input.php,FU_pY2sTwTA
Hardware: Input,How Does GPS Work? | Mashable Explains,https://www.youtube.com/watch?v=2iAgggixkO8,Mashable,Playlist: IT Grd 10 Hardware - Sensors & GPS,hw_input.php,2iAgggixkO8
Hardware: Input,How does NFC work? | Near Field Communication Explained,https://www.youtube.com/watch?v=WVmd0UYo9WM,Science everywhere!,Playlist: IT Grd 10 Hardware - Sensors & GPS,hw_input.php,WVmd0UYo9WM
Hardware: Input,How Does Optical Character Recognition (OCR) Work?,https://www.youtube.com/watch?v=jO-1rztr4O0,Techquickie,Playlist: Grd 10 IT Hardware Cameras Scanners OCR,hw_input.php,jO-1rztr4O0
Hardware: Input,How does your smartphone know your location? - Wilton L. Virgo,https://www.youtube.com/watch?v=70cDSUI4XKE,TED-Ed,Playlist: IT Grd 10 Hardware - Sensors & GPS,hw_input.php,70cDSUI4XKE
Hardware: Input,How everything works: Tap And Pay,https://www.youtube.com/watch?v=T-IYgH3CjNQ,Strange Thoughts,Playlist: Grd 10 IT Hardware RFID,hw_input.php,T-IYgH3CjNQ
Hardware: Input,How Motion Control Works In Video Games,https://www.youtube.com/watch?v=3di9wciAUt0,GamingBolt,Embedded on the page,hw_input.php,3di9wciAUt0
Hardware: Input,How QWERTY conquered keyboards,https://www.youtube.com/watch?v=c8f6us-Sjlo,Vox,Embedded on the page,hw_input.php,c8f6us-Sjlo
Hardware: Input,I Put A Payment Chip In My Hand To Replace My Wallet,https://www.youtube.com/watch?v=hTBJ6OIGkzc,BuzzFeedVideo,Playlist: Grd 10 IT Hardware RFID,hw_input.php,hTBJ6OIGkzc
Hardware: Input,Image Sensors as Fast As Possible,https://www.youtube.com/watch?v=2ZXamWYdUgQ,Techquickie,Playlist: Grd 10 IT Hardware Cameras Scanners OCR,hw_input.php,2ZXamWYdUgQ
Hardware: Input,Introduction to Machine Vision - Part1,https://www.youtube.com/watch?v=TTnho9-i6dI,Automation.com,Playlist: Grd 10 IT Hardware Cameras Scanners OCR; Playlist: IT Grd 10 Hardware - Sensors & GPS,hw_input.php,TTnho9-i6dI
Hardware: Input,Is RFID Protection Necessary? | Understanding the Risks & Realities,https://www.youtube.com/watch?v=oIhdFFPiG_w,Trip Astute,Playlist: Grd 10 IT Hardware RFID,hw_input.php,oIhdFFPiG_w
Hardware: Input,Killing the Need for Passwords With Biometrics,https://www.youtube.com/watch?v=88Rjg8gM_DI,Bloomberg Originals,Playlist: Grd 10 IT Hardware Biometrics,hw_input.php,88Rjg8gM_DI
Hardware: Input,Motion Sensors as Fast As Possible,https://www.youtube.com/watch?v=cK3bAstRghw,Techquickie,Playlist: IT Grd 10 Hardware - Sensors & GPS,hw_input.php,cK3bAstRghw
Hardware: Input,NextDesk Review: Motorized Desk!,https://www.youtube.com/watch?v=wsN6AHN2FbM,Marques Brownlee,Playlist: IT Grd 10 Ergonomics,hw_input.php,wsN6AHN2FbM
Hardware: Input,NFC Ring Review NEAR!! field communication,https://www.youtube.com/watch?v=GICEdDJ38d8,RootJunky,Playlist: Grd 10 IT Hardware RFID,hw_input.php,GICEdDJ38d8
Hardware: Input,OCR - Google Drive Tutorial,https://www.youtube.com/watch?v=4lApeCNK6Ic,Teacher's Tech,Playlist: Grd 10 IT Hardware Cameras Scanners OCR,hw_input.php,4lApeCNK6Ic
Hardware: Input,Photography tips for beginners - ISO - the basics explained and how to avoid digital noise,https://www.youtube.com/watch?v=UuAifE7v7K8,Photo Genius,Playlist: Grd 10 IT Hardware Cameras Scanners OCR,hw_input.php,UuAifE7v7K8
Hardware: Input,Photoshop Makeover - Dove Commercial,https://www.youtube.com/watch?v=yf9jxIyEDrs,evenvids,Playlist: Grd 10 IT Hardware Cameras Scanners OCR,hw_input.php,yf9jxIyEDrs
Hardware: Input,Photoshopping Real Women Into Cover Models,https://www.youtube.com/watch?v=zRlpIkH3b5I,BuzzFeedVideo,Playlist: Grd 10 IT Hardware Cameras Scanners OCR,hw_input.php,zRlpIkH3b5I
Hardware: Input,Pill Camera Swallowed | Follow Through Gut | Guts | Earth Science,https://www.youtube.com/watch?v=5ufESc1bK78,BBC Earth Science,Playlist: Grd 10 IT Hardware Cameras Scanners OCR; Playlist: IT Grd 10 Hardware - Sensors & GPS,hw_input.php,5ufESc1bK78
Hardware: Input,QR Codes and Barcodes As Fast As Possible,https://www.youtube.com/watch?v=qYvqFV4Rf8c,Techquickie,Playlist: Grd 10 IT Hardware Cameras Scanners OCR,hw_input.php,qYvqFV4Rf8c
Hardware: Input,QR Codes Explained by Common Craft,https://www.youtube.com/watch?v=zZXCt1Ud_zE,Tight Designs,Playlist: Grd 10 IT Hardware Cameras Scanners OCR,hw_input.php,zZXCt1Ud_zE
Hardware: Input,Real-time event detection for video surveillance applications,https://www.youtube.com/watch?v=QcCjmWwEUgg,Vicomtech,Playlist: Grd 10 IT Hardware Cameras Scanners OCR; Playlist: IT Grd 10 Hardware - Sensors & GPS,hw_input.php,QcCjmWwEUgg
Hardware: Input,RFID Across the Manufacturing Supply Chain,https://www.youtube.com/watch?v=SDcPL76yiv8,VisionID Ireland,Playlist: Grd 10 IT Hardware RFID,hw_input.php,SDcPL76yiv8
Hardware: Input,RFID as Fast As Possible,https://www.youtube.com/watch?v=cZwLIxM7PdE,Techquickie,Playlist: Grd 10 IT Hardware RFID,hw_input.php,cZwLIxM7PdE
Hardware: Input,RFID in action - helping performance and visibility at a childrenswear factory,https://www.youtube.com/watch?v=0TFm2fJSnRo,Li & Fung,Playlist: Grd 10 IT Hardware RFID,hw_input.php,0TFm2fJSnRo
Hardware: Input,RFID in the Warehouse and Distribution Center,https://www.youtube.com/watch?v=LLhR24Ukr9M,Alien Technology LLC,Playlist: Grd 10 IT Hardware RFID,hw_input.php,LLhR24Ukr9M
Hardware: Input,RFID Logistics,https://www.youtube.com/watch?v=PQVhqdZhueM,Kft IRG System,Playlist: Grd 10 IT Hardware RFID,hw_input.php,PQVhqdZhueM
Hardware: Input,RFID Technology for the Railroad Industry --  The Gold Standard,https://www.youtube.com/watch?v=TSamvRjfEP4,Trusted Transportation Solutions,Playlist: Grd 10 IT Hardware RFID,hw_input.php,TSamvRjfEP4
Hardware: Input,RFID uses,https://www.youtube.com/watch?v=NYLldAzO6g8,jOke benja,Playlist: Grd 10 IT Hardware RFID,hw_input.php,NYLldAzO6g8
Hardware: Input,Self Driving Cars Explained - Animated Infographic,https://www.youtube.com/watch?v=vWqDzoQH1yw,Eduard BP,Playlist: IT Grd 10 Hardware - Sensors & GPS,hw_input.php,vWqDzoQH1yw
Hardware: Input,Smartphone Camera Quality: Explained!,https://www.youtube.com/watch?v=ldS_yHnZMDs,Marques Brownlee,Playlist: Grd 10 IT Hardware Cameras Scanners OCR,hw_input.php,ldS_yHnZMDs
Hardware: Input,Smartphone Sensors: Explained!,https://www.youtube.com/watch?v=lDVIcZSsONo,TechDipper,Playlist: IT Grd 10 Hardware - Sensors & GPS,hw_input.php,lDVIcZSsONo
Hardware: Input,Standing Desks:  Everything You Need to Know,https://www.youtube.com/watch?v=oNN-LqngvIE,LRN2DIY,Playlist: IT Grd 10 Ergonomics,hw_input.php,oNN-LqngvIE
Hardware: Input,The Basics of Sensor Size: FocusEd,https://www.youtube.com/watch?v=UYK2I_rRuz8,B&H Photo Video Pro Audio,Playlist: Grd 10 IT Hardware Cameras Scanners OCR,hw_input.php,UYK2I_rRuz8
Hardware: Input,The best way to sit at your desk at work,https://www.youtube.com/watch?v=xzV1Hej61CY,Insider Tech,Playlist: IT Grd 10 Ergonomics,hw_input.php,xzV1Hej61CY
Hardware: Input,The In-Glass Fingerprint Reader: Explained!,https://www.youtube.com/watch?v=dRtqFjYYUY0,Marques Brownlee,Playlist: Grd 10 IT Hardware Biometrics,hw_input.php,dRtqFjYYUY0
Hardware: Input,The Mind-Controlled Bionic Arm With a Sense of Touch,https://www.youtube.com/watch?v=F_brnKz_2tI,Motherboard,Playlist: IT Grd 10 Hardware - Sensors & GPS,hw_input.php,F_brnKz_2tI
Hardware: Input,The Ultimate Ergonomic Mouse,https://www.youtube.com/watch?v=lOWm5nZ7kFQ,Unbox Junkie,Playlist: IT Grd 10 Ergonomics,hw_input.php,lOWm5nZ7kFQ
Hardware: Input,Top 5 NFC Features: Explained!,https://www.youtube.com/watch?v=qp5il7yhM4Y,Marques Brownlee,Playlist: Grd 10 IT Hardware RFID,hw_input.php,qp5il7yhM4Y
Hardware: Input,Using An Infrared Camera To Show How Face ID Works,https://www.youtube.com/watch?v=g4m6StzUcOw,Insider Tech,Playlist: Grd 10 IT Hardware Biometrics,hw_input.php,g4m6StzUcOw
Hardware: Input,What is NFC? Explained - Tech Tips,https://www.youtube.com/watch?v=-TwwqdDTzfU,NCIX Tech Tips,Playlist: Grd 10 IT Hardware RFID,hw_input.php,-TwwqdDTzfU
Hardware: Input,What is RFID & How RFID Works: Narrated by Louis Sirico,https://www.youtube.com/watch?v=MAA9JpGraoU,Louis Sirico,Playlist: Grd 10 IT Hardware RFID,hw_input.php,MAA9JpGraoU
Hardware: Input,What Sensors Are in a Smartphone?,https://www.youtube.com/watch?v=CxC1KCoGbIM,Scientific American,Playlist: IT Grd 10 Hardware - Sensors & GPS,hw_input.php,CxC1KCoGbIM
Hardware: Input,Why RFID Beats Bar Codes for Bulk Storage,https://www.youtube.com/watch?v=n3Kuk98PihM,Louis Sirico,Playlist: Grd 10 IT Hardware RFID,hw_input.php,n3Kuk98PihM
Hardware: Input,Zebra Technologies show RFID printers at ProMat 2011,https://www.youtube.com/watch?v=wOFvSPNVlQ4,warehouseiq,Playlist: Grd 10 IT Hardware RFID,hw_input.php,wOFvSPNVlQ4
Hardware: Output,Aspect Ratios As Fast As Possible,https://www.youtube.com/watch?v=uSuCJyZzyRE,Techquickie,Embedded on the page,hw_output.php,uSuCJyZzyRE
Hardware: Output,HDMI vs DisplayPort vs DVI vs VGA - Simple Explanation,https://www.youtube.com/watch?v=xPtSj0B4teQ,GamingScan,Embedded on the page,hw_output.php,xPtSj0B4teQ
Hardware: Output,You Don't See in 4K,https://www.youtube.com/watch?v=VxNBiAV4UnM,Knowing Better,Embedded on the page,hw_output.php,VxNBiAV4UnM
Software: Application Software,Beginner's Guide to Microsoft Word,https://www.youtube.com/watch?v=S-nHYzK-BVg,Technology for Teachers and Students,Playlist: Grd 10 IT Software - Office,sw_applications.php,S-nHYzK-BVg
Software: Application Software,Buying a PC for Video Editing: What You Need to Know!,https://www.youtube.com/watch?v=I6bfOjBi6EY,Justin Brown - Primal Video,Playlist: Grd 10 IT Software - Video,sw_applications.php,I6bfOjBi6EY
Software: Application Software,DaVinci Resolve - Tutorial for Beginners [COMPLETE] - 16 MINS!*,https://www.youtube.com/watch?v=EbqmZjJEsBw,Skills Factory,Playlist: Grd 10 IT Software - Video,sw_applications.php,EbqmZjJEsBw
Software: Application Software,Google Docs Tutorial,https://www.youtube.com/watch?v=OBITNezSmLY,Technology for Teachers and Students,Playlist: Grd 10 IT Software - Office,sw_applications.php,OBITNezSmLY
Software: Application Software,How to Give an Awesome (PowerPoint) Presentation (Whiteboard Animation Explainer Video).,https://www.youtube.com/watch?v=i68a6M5FFBc,Wienot Films,Playlist: Grd 10 IT Software - Office,sw_applications.php,i68a6M5FFBc
Software: Application Software,How to start a presentation,https://www.youtube.com/watch?v=LrjlW00kkws,Expert Academy (GLOBAL),Playlist: Grd 10 IT Software - Office,sw_applications.php,LrjlW00kkws
Software: Application Software,Life After Death by Powerpoint (Corporate Comedy Video),https://www.youtube.com/watch?v=KbSPPFYxx3o,Don McMillan,Playlist: Grd 10 IT Software - Office,sw_applications.php,KbSPPFYxx3o
Software: Application Software,The 5 Skills You Need to Be a Successful Video Editor,https://www.youtube.com/watch?v=KM0zLnep3Nw,Justin Odisho,Playlist: Grd 10 IT Software - Video,sw_applications.php,KM0zLnep3Nw
Software: Application Software,The Beginner's Guide to Excel - Excel Basics Tutorial,https://www.youtube.com/watch?v=rwbho0CgEAE,Technology for Teachers and Students,Playlist: Grd 10 IT Software - Office,sw_applications.php,rwbho0CgEAE
Software: Application Software,The Beginner's Guide to Microsoft PowerPoint,https://www.youtube.com/watch?v=XF34-Wu6qWU,Technology for Teachers and Students,Playlist: Grd 10 IT Software - Office,sw_applications.php,XF34-Wu6qWU
Software: Application Software,Visual Storytelling 101,https://www.youtube.com/watch?v=iWQQgZh9EyE,Film Riot,Playlist: Grd 10 IT Software - Video,sw_applications.php,iWQQgZh9EyE
Software: Application Software,What does a video editor really do? VideoAnswers. Episode17.,https://www.youtube.com/watch?v=d3V3XN3wrqA,Comprehensive Media,Playlist: Grd 10 IT Software - Video,sw_applications.php,d3V3XN3wrqA
