Image URL / path,Times referenced,Pages referencing it
(null),29,hw_input.php; hw_ports_connectors.php; hw_processing.php
https://learningopportunities.co.za/resources/img/illustrations/ipo_model_quiz.jpg,9,bc_contents.html; cm_contents.html; cm_define_ict.php
http://itteacher.co.za/resources/img/do_you_know.jpg,8,im_bits.php; im_number_systems.php; im_primitives.php; si_digital_divide.html
https://learningopportunities.co.za/resources/img/illustrations/pq_bc_summary.jpg,6,bc_contents.html; cm_contents.html; cm_define_ict.php
https://learningopportunities.co.za/resources/img/illustrations/pq_types_of_computers.jpg,6,bc_contents.html; cm_contents.html; cm_define_ict.php
https://learningopportunities.co.za/resources/img/illustrations/pq_hw_sw.jpg,6,bc_contents.html; cm_contents.html; cm_hw_sw.php
https://learningopportunities.co.za/resources/img/illustrations/pq_d_v_i.jpg,6,bc_contents.html; cm_contents.html; cm_data_info.php
http://itteacher.co.za/resources/img/answer.png,6,im_bits.php; im_number_systems.php; im_primitives.php
https://learningopportunities.co.za/resources/img/illustrations/gears.png,5,dc_browsing.php
http://itteacher.co.za/resources/img/android_asking.png,5,im_ascii.php; im_bits.php; im_data_storage.php; im_number_systems.php; im_primitives.php
https://learningopportunities.co.za/resources/img/logos_icons/define_ict_22.jpg,4,cm_contents.html; cm_data_info.php; cm_define_ict.php; cm_hw_sw.php
https://learningopportunities.co.za/resources/img/logos_icons/hw_sw_22.png,4,cm_contents.html; cm_data_info.php; cm_define_ict.php; cm_hw_sw.php
https://learningopportunities.co.za/resources/img/logos_icons/dvi_22.png,4,cm_contents.html; cm_data_info.php; cm_define_ict.php; cm_hw_sw.php
http://itteacher.co.za/resources/img/tick_green_chalk.png,4,dc_communications_media.php; dc_e-comms.php
http://itteacher.co.za/resources/img/cross_red_chalk.png,4,dc_communications_media.php; dc_e-comms.php
https://learningopportunities.co.za/resources/img/logos_icons/logo_75.png,4,index.html; question.php
https://learningopportunities.co.za/resources/img/illustrations/login.png,4,index.html; question.php
http://itteacher.co.za/resources/img/cebo_point_right.png,4,sw_applications.php; sw_distribution.php; sw_systems.php; sw_types.php
https://learningopportunities.co.za/resources/img/illustrations/fq_bc_summary.jpg,3,bc_contents.html; cm_contents.html; cm_define_ict.php
https://learningopportunities.co.za/resources/img/illustrations/qf_types_of_computers.jpg,3,bc_contents.html; cm_contents.html; cm_define_ict.php
https://learningopportunities.co.za/resources/img/illustrations/qf_hw_sw.jpg,3,bc_contents.html; cm_contents.html; cm_hw_sw.php
https://learningopportunities.co.za/resources/img/illustrations/qf_d_v_i.jpg,3,bc_contents.html; cm_contents.html; cm_data_info.php
https://learningopportunities.co.za/resources/img/illustrations/montondile_point_left.png,3,cm_data_info.php; cm_define_ict.php; cm_hw_sw.php
https://learningopportunities.co.za/resources/img/illustrations/quotes.jpg,3,hw_contents.html; im_menu.html; si_contents.html
http://itteacher.co.za/resources/img/android_sitting_tray_left.jpg,3,im_data_representation.php
https://learningopportunities.co.za/resources/img/illustrations/bc_define_ict.jpg,2,bc_contents.html; cm_contents.html
https://learningopportunities.co.za/resources/img/illustrations/hw_sw.jpg,2,bc_contents.html; cm_contents.html
https://learningopportunities.co.za/resources/img/illustrations/dvi.jpg,2,bc_contents.html; cm_contents.html
https://learningopportunities.co.za/resources/img/illustrations/crossword.png,2,bc_contents.html; cm_contents.html
https://learningopportunities.co.za/resources/img/illustrations/sw_dist.jpg,2,cm_hw_sw.php; sw_contents.html
http://itteacher.co.za/resources/img/key_home.jpg,2,hw_input.php
http://itteacher.co.za/resources/img/key_end.jpg,2,hw_input.php
http://itteacher.co.za/resources/img/key_page_up.jpg,2,hw_input.php
http://itteacher.co.za/resources/img/key_page_down.jpg,2,hw_input.php
http://itteacher.co.za/resources/img/key_print_screen.jpg,2,hw_input.php
http://itteacher.co.za/resources/img/key_scroll_lock.jpg,2,hw_input.php
http://itteacher.co.za/resources/img/key_pause.jpg,2,hw_input.php
http://itteacher.co.za/resources/img/key_num_lock.jpg,2,hw_input.php
http://itteacher.co.za/resources/img/click_left.jpg,2,hw_input.php
http://itteacher.co.za/resources/img/card_sd.jpg,2,hw_input.php; hw_storage.php
http://itteacher.co.za/resources/img/card_compact_flash.jpg,2,hw_input.php; hw_storage.php
http://itteacher.co.za/resources/img/card_micro_sd.jpg,2,hw_input.php; hw_storage.php
http://itteacher.co.za/resources/img/card_reader.jpg,2,hw_input.php; hw_storage.php
http://itteacher.co.za/resources/img/android_standing_point_right.png,2,im_data_representation.php; im_file_management.php
https://learningopportunities.co.za/resources/img/illustrations/binary_80_switch.jpg,2,im_data_representation.php
http://itteacher.co.za/resources/img/android_sitting_point_up_right.jpg,2,im_data_representation.php
http://itteacher.co.za/resources/img/hands_10.png,2,im_data_representation.php
http://itteacher.co.za/resources/img/android_tray_356.jpg,2,im_data_representation.php
http://itteacher.co.za/resources/img/android_tray_1010.jpg,2,im_data_representation.php
http://itteacher.co.za/resources/img/wex_files.jpg,2,im_file_management.php
https://learningopportunities.co.za/resources/img/illustrations/intro.jpg,2,im_menu.html; si_contents.html
http://itteacher.co.za/resources/img/bitmap_vector.jpg,2,sw_applications.php
http://itteacher.co.za/resources/img/sound_editing.jpg,2,sw_applications.php
http://itteacher.co.za/resources/img/drivers.png,2,sw_applications.php; sw_systems.php
http://itteacher.co.za/resources/img/software_commercial.jpg,2,sw_distribution.php; sw_types.php
http://itteacher.co.za/resources/img/software_trial.jpg,2,sw_distribution.php; sw_types.php
http://itteacher.co.za/resources/img/software_subscription.jpg,2,sw_distribution.php; sw_types.php
http://itteacher.co.za/resources/img/software_in_app.jpg,2,sw_distribution.php
https://learningopportunities.co.za/resources/img/illustrations/1_basic_concepts_prequiz.jpg,1,bc_contents.html
https://learningopportunities.co.za/resources/img/illustrations/1_basic_concepts_pracquiz.jpg,1,bc_contents.html
https://learningopportunities.co.za/resources/img/illustrations/1_basic_concepts_finquiz.jpg,1,bc_contents.html
https://learningopportunities.co.za/resources/img/illustrations/8_housekeeping_prequiz.jpg,1,cm_contents.html
https://learningopportunities.co.za/resources/img/illustrations/8_housekeeping_pracquiz.jpg,1,cm_contents.html
https://learningopportunities.co.za/resources/img/illustrations/8_housekeeping_finquiz.jpg,1,cm_contents.html
https://learningopportunities.co.za/resources/img/illustrations/os.jpg,1,cm_hw_sw.php
https://learningopportunities.co.za/resources/img/illustrations/app_sw.jpg,1,cm_hw_sw.php
http://itteacher.co.za/resources/img/webbrowsing.png,1,dc_browsing.php
https://learningopportunities.co.za/resources/img/illustrations/what_is_a_browser.jpg,1,dc_browsing.php
https://learningopportunities.co.za/resources/img/illustrations/cookies.jpg,1,dc_browsing.php
https://learningopportunities.co.za/resources/img/illustrations/popups.jpg,1,dc_browsing.php
https://learningopportunities.co.za/resources/img/illustrations/javascript.jpg,1,dc_browsing.php
https://learningopportunities.co.za/resources/img/illustrations/bookmark.jpg,1,dc_browsing.php
https://learningopportunities.co.za/resources/img/illustrations/plugins.jpg,1,dc_browsing.php
https://learningopportunities.co.za/resources/img/illustrations/adblock.jpg,1,dc_browsing.php
http://itteacher.co.za/resources/img/search.png,1,dc_browsing.php
https://learningopportunities.co.za/resources/img/illustrations/spider.jpg,1,dc_browsing.php
http://itteacher.co.za/resources/img/copper.png,1,dc_communications_media.php
http://itteacher.co.za/resources/img/fibre.png,1,dc_communications_media.php
https://learningopportunities.co.za/resources/img/illustrations/fibre_optic.jpg,1,dc_communications_media.php
https://learningopportunities.co.za/resources/img/illustrations/world_submarine_cable.jpg,1,dc_communications_media.php
http://itteacher.co.za/resources/img/radio.png,1,dc_communications_media.php
http://itteacher.co.za/resources/img/email.png,1,dc_e-comms.php
http://itteacher.co.za/resources/img/chat.png,1,dc_e-comms.php
http://itteacher.co.za/resources/img/voip.png,1,dc_e-comms.php
https://learningopportunities.co.za//resources/img/logos_icons/ebay.png,1,dc_e-comms.php
https://learningopportunities.co.za//resources/img/logos_icons/bidorbuy.png,1,dc_e-comms.php
https://learningopportunities.co.za//resources/img/logos_icons/kickstarter.png,1,dc_e-comms.php
https://learningopportunities.co.za//resources/img/logos_icons/indiegogo.png,1,dc_e-comms.php
https://learningopportunities.co.za//resources/img/logos_icons/fake_news.png,1,dc_e-comms.php
http://itteacher.co.za/resources/img/blog_rss.png,1,dc_e-comms.php
https://learningopportunities.co.za/resources/img/step_by_step/feedly_create_feed.jpg,1,dc_e-comms.php
https://learningopportunities.co.za/resources/img/step_by_step/feedly_follow.jpg,1,dc_e-comms.php
https://learningopportunities.co.za/resources/img/step_by_step/feedly_own_feed.jpg,1,dc_e-comms.php
https://learningopportunities.co.za/resources/img/step_by_step/feedly_list_view.jpg,1,dc_e-comms.php
https://learningopportunities.co.za/resources/img/step_by_step/feedly_view.jpg,1,dc_e-comms.php
https://learningopportunities.co.za/resources/img/step_by_step/feedly_sorting.jpg,1,dc_e-comms.php
https://learningopportunities.co.za/resources/img/step_by_step/feedly_mark_read.jpg,1,dc_e-comms.php
http://itteacher.co.za/resources/resources/quality.jpg,1,dc_evaluating_sites.php
http://itteacher.co.za/resources/img/connecting_internet.png,1,dc_internet.php
https://learningopportunities.co.za/resources/img/hardware/sim_cards.jpg,1,dc_internet.php
http://itteacher.co.za/resources/img/cloud.png,1,dc_internet.php
http://itteacher.co.za/resources/img/aws_logo.svg,1,dc_internet.php
https://learningopportunities.co.za/resources/img/illustrations/cloud_applications_1000.jpg,1,dc_internet.php
http://itteacher.co.za/resources/img/url.png,1,dc_internet.php
https://learningopportunities.co.za/resources/img/illustrations/url_ip_lrg.jpg,1,dc_internet.php
https://learningopportunities.co.za/resources/img/illustrations/dns_lookup.jpg,1,dc_internet.php
http://itteacher.co.za/resources/img/examples of netiquette.png,1,dc_netiquette.php
https://learningopportunities.co.za//resources/img/logos_icons/ans.png,1,dc_template.php
https://learningopportunities.co.za//resources/img/logos_icons/topology.png,1,dc_template.php
https://learningopportunities.co.za//resources/img/logos_icons/server.png,1,dc_template.php
http://itteacher.co.za/resources/img/ans.png,1,dc_types_of_networks.html
https://learningopportunities.co.za//resources/img/logos_icons/bluetooth.png,1,dc_types_of_networks.html
https://learningopportunities.co.za//resources/img/illustrations/wan_sa.png,1,dc_types_of_networks.html
http://itteacher.co.za/resources/img/topology.png,1,dc_types_of_networks.html
http://itteacher.co.za/resources/img/server.png,1,dc_types_of_networks.html
http://itteacher.co.za/resources/img/html5.png,1,dc_web_development.php
http://itteacher.co.za/resources/img/css.png,1,dc_web_development.php
http://itteacher.co.za/resources/img/js.png,1,dc_web_development.php
http://itteacher.co.za/resources/img/wsconstruction.png,1,dc_web_development.php
https://learningopportunities.co.za/resources/img/illustrations/early_web.jpg,1,dc_www.php
http://itteacher.co.za/resources/img/web_sites.png,1,dc_www.php
http://itteacher.co.za/resources/img/page_vs_site.png,1,dc_www.php
https://learningopportunities.co.za/resources/img/illustrations/web_page_vs_web_site.jpg,1,dc_www.php
http://itteacher.co.za/resources/img/app.png,1,dc_www.php
http://itteacher.co.za/resources/img/mobile.jpg,1,hw_communications.php
http://itteacher.co.za/resources/img/laptop.jpg,1,hw_communications.php
https://learningopportunities.co.za/resources/img/illustrations/input.jpg,1,hw_contents.html
https://learningopportunities.co.za/resources/img/illustrations/output.jpg,1,hw_contents.html
https://learningopportunities.co.za/resources/img/illustrations/storage.jpg,1,hw_contents.html
https://learningopportunities.co.za/resources/img/illustrations/comms.jpg,1,hw_contents.html
https://learningopportunities.co.za/resources/img/illustrations/in_case.jpg,1,hw_contents.html
https://learningopportunities.co.za/resources/img/illustrations/processing.jpg,1,hw_contents.html
https://learningopportunities.co.za/resources/img/illustrations/ports.jpg,1,hw_contents.html
https://learningopportunities.co.za/resources/img/illustrations/maint.jpg,1,hw_contents.html
https://learningopportunities.co.za/resources/img/illustrations/2_hardware_pracquiz.jpg,1,hw_contents.html
https://learningopportunities.co.za/resources/img/illustrations/2_hardware_finquiz.jpg,1,hw_contents.html
http://itteacher.co.za/resources/img/alt_keys_s.jpg,1,hw_input.php
http://itteacher.co.za/resources/img/qwerty.jpg,1,hw_input.php
http://itteacher.co.za/resources/img/mouse_first.jpg,1,hw_input.php
http://itteacher.co.za/resources/img/gaming_mouse.png,1,hw_input.php
http://itteacher.co.za/resources/img/gaming_mouse_2.png,1,hw_input.php
http://itteacher.co.za/resources/img/usb.jpg,1,hw_input.php
http://itteacher.co.za/resources/img/bluetooth.jpg,1,hw_input.php
http://itteacher.co.za/resources/img/wireless.jpg,1,hw_input.php
http://itteacher.co.za/resources/img/click_right.jpg,1,hw_input.php
http://itteacher.co.za/resources/img/click_middle.jpg,1,hw_input.php
http://itteacher.co.za/resources/img/drag.jpg,1,hw_input.php
http://itteacher.co.za/resources/img/trackpad.jpg,1,hw_input.php
http://itteacher.co.za/resources/img/magic_trackpad.jpg,1,hw_input.php
http://itteacher.co.za/resources/img/trackball.jpg,1,hw_input.php
http://itteacher.co.za/resources/img/digitising_tablet.jpg,1,hw_input.php
http://itteacher.co.za/resources/img/1000_words.jpg,1,hw_input.php
http://itteacher.co.za/resources/img/camera_with_you.jpg,1,hw_input.php
http://itteacher.co.za/resources/img/camera_smartphone.jpg,1,hw_input.php
http://itteacher.co.za/resources/img/photo_accident.jpg,1,hw_input.php
http://itteacher.co.za/resources/img/smartphone_camera_icon.jpg,1,hw_input.php
http://itteacher.co.za/resources/img/camera_point_shoot.jpg,1,hw_input.php
http://itteacher.co.za/resources/img/point_and_shoot_icon.jpg,1,hw_input.php
http://itteacher.co.za/resources/img/camera_dslr.jpg,1,hw_input.php
http://itteacher.co.za/resources/img/dslr_icon.jpg,1,hw_input.php
http://itteacher.co.za/resources/img/camera_video.jpg,1,hw_input.php
http://itteacher.co.za/resources/img/camcorder_icon.jpg,1,hw_input.php
http://itteacher.co.za/resources/img/security_camera.jpg,1,hw_input.php
http://itteacher.co.za/resources/img/security_camera_icon.jpg,1,hw_input.php
http://itteacher.co.za/resources/img/eye_tech.jpg,1,hw_input.php
http://itteacher.co.za/resources/img/eye.jpg,1,hw_input.php
http://itteacher.co.za/resources/img/photo_editing.jpg,1,hw_input.php
http://itteacher.co.za/resources/img/fake_image.jpg,1,hw_input.php
http://itteacher.co.za/resources/img/camera_specs.jpg,1,hw_input.php
http://itteacher.co.za/resources/img/megapixel_icon.jpg,1,hw_input.php
http://itteacher.co.za/resources/img/iso_comparison.jpg,1,hw_input.php
http://itteacher.co.za/resources/img/image_sensor.jpg,1,hw_input.php
http://itteacher.co.za/resources/img/jpg_raw.jpg,1,hw_input.php
http://itteacher.co.za/resources/img/zoom_lens.jpg,1,hw_input.php
http://itteacher.co.za/resources/img/zoom.jpg,1,hw_input.php
http://itteacher.co.za/resources/img/location.jpg,1,hw_input.php
http://itteacher.co.za/resources/img/wireless_100.jpg,1,hw_input.php
http://itteacher.co.za/resources/img/qr_code.jpg,1,hw_input.php
http://itteacher.co.za/resources/img/qr_code_sample.jpg,1,hw_input.php
http://itteacher.co.za/resources/img/qr_code_generator_site.jpg,1,hw_input.php
http://itteacher.co.za/resources/img/barcode.jpg,1,hw_input.php
http://itteacher.co.za/resources/img/rfid_security.jpg,1,hw_input.php
http://itteacher.co.za/resources/img/rfid_pet.png,1,hw_input.php
http://itteacher.co.za/resources/img/nfc.jpg,1,hw_input.php
http://itteacher.co.za/resources/img/touchscreen.jpg,1,hw_input.php
http://itteacher.co.za/resources/img/gestures.jpg,1,hw_input.php
http://itteacher.co.za/resources/img/biometrics.jpg,1,hw_input.php
http://itteacher.co.za/resources/img/joystick_old.jpg,1,hw_input.php
http://itteacher.co.za/resources/img/joystick.jpg,1,hw_input.php
hhttp://itteacher.co.za/resources/img/flight_controls.jpg,1,hw_input.php
http://itteacher.co.za/resources/img/steering_wheel.jpg,1,hw_input.php
http://itteacher.co.za/resources/img/driving_controls.jpg,1,hw_input.php
http://itteacher.co.za/resources/img/game_controller.jpg,1,hw_input.php
http://itteacher.co.za/resources/img/braille_keyboard.jpg,1,hw_input.php
http://itteacher.co.za/resources/img/eye_tracker.jpg,1,hw_input.php
http://itteacher.co.za/resources/img/microphone.jpg,1,hw_input.php
http://itteacher.co.za/resources/img/posture.jpg,1,hw_input.php
http://itteacher.co.za/resources/img/rsi.jpg,1,hw_input.php
http://itteacher.co.za/resources/img/keyboard_ergonomic.jpg,1,hw_input.php
http://itteacher.co.za/resources/img/vertical_mouse.jpg,1,hw_input.php
http://itteacher.co.za/resources/img/cvs_symptoms.jpg,1,hw_input.php
http://itteacher.co.za/resources/img/sitting_too_much.jpg,1,hw_input.php
http://itteacher.co.za/resources/img/bad_posture.jpg,1,hw_input.php
http://itteacher.co.za/resources/img/case_air_flow.jpg,1,hw_inside_case.php
http://itteacher.co.za/resources/img/motherboard.jpg,1,hw_inside_case.php
http://itteacher.co.za/resources/img/psu.jpg,1,hw_inside_case.php
http://itteacher.co.za/resources/img/storage_bays.jpg,1,hw_inside_case.php
http://itteacher.co.za/resources/img/screen_dimensions.png,1,hw_output.php
http://itteacher.co.za/resources/img/projector.png,1,hw_output.php
http://itteacher.co.za/resources/img/inkjet.png,1,hw_output.php
http://itteacher.co.za/resources/img/cmyk.jpg,1,hw_output.php
http://itteacher.co.za/resources/img/inkjet_large.jpg,1,hw_output.php
http://itteacher.co.za/resources/img/laser.jpg,1,hw_output.php
http://itteacher.co.za/resources/img/thermal.png,1,hw_output.php
http://itteacher.co.za/resources/img/dotmatrix_text.png,1,hw_output.php
http://itteacher.co.za/resources/img/dot_matrix_sample.png,1,hw_output.php
http://itteacher.co.za/resources/img/dot_matrix_colour.jpg,1,hw_output.php
http://itteacher.co.za/resources/img/social_impact_100.png,1,hw_output.php
http://itteacher.co.za/resources/img/question_100.png,1,hw_output.php
http://itteacher.co.za/resources/img/inkjet_icon.png,1,hw_output.php
http://itteacher.co.za/resources/img/laser.png,1,hw_output.php
http://itteacher.co.za/resources/img/dot_matrix.png,1,hw_output.php
http://itteacher.co.za/resources/img/3d_printer.jpg,1,hw_output.php
http://itteacher.co.za/resources/img/3d_printer_closeup.jpg,1,hw_output.php
http://itteacher.co.za/resources/img/speaker_headphones.jpg,1,hw_output.php
http://itteacher.co.za/resources/img/haptics.jpg,1,hw_output.php
http://itteacher.co.za/resources/img/robot_arm.jpg,1,hw_output.php
http://itteacher.co.za/resources/img/lego_braille_printer.jpg,1,hw_output.php
http://itteacher.co.za/resources/img/thunderbolt_3.jpg,1,hw_ports_connectors.php
http://itteacher.co.za/resources/img/cpu_in_hand.jpg,1,hw_processing.php
http://itteacher.co.za/resources/img/cpu_intel_i7.jpg,1,hw_processing.php
http://itteacher.co.za/resources/img/cpu_amd_ryzen.jpg,1,hw_processing.php
http://itteacher.co.za/resources/img/cpu_apple_a11.jpg,1,hw_processing.php
http://itteacher.co.za/resources/img/cpu_qualcomm.jpg,1,hw_processing.php
http://itteacher.co.za/resources/img/ram_in_hand.jpg,1,hw_processing.php
http://itteacher.co.za/resources/img/ram_in_slots.jpg,1,hw_processing.php
http://itteacher.co.za/resources/img/info.png,1,hw_processing.php
http://itteacher.co.za/resources/img/ram_ecc_vs_ddr.jpg,1,hw_processing.php
https://learningopportunities.co.za/resources/img/illustrations/ram_optane.jpg,1,hw_processing.php
https://learningopportunities.co.za/resources/img/illustrations/ram_optane_slide.jpg,1,hw_processing.php
http://itteacher.co.za/resources/img/gpu.jpg,1,hw_processing.php
http://itteacher.co.za/resources/img/gpu_nvidia.jpg,1,hw_processing.php
http://itteacher.co.za/resources/img/egpu_mbp.jpg,1,hw_processing.php
http://itteacher.co.za/resources/img/hdd.gif,1,hw_storage.php
http://itteacher.co.za/resources/img/hdd_25_35.jpg,1,hw_storage.php
http://itteacher.co.za/resources/img/hdd_external_25.jpg,1,hw_storage.php
http://itteacher.co.za/resources/img/hdd.jpg,1,hw_storage.php
http://itteacher.co.za/resources/img/sd_card_100.jpg,1,hw_storage.php
http://itteacher.co.za/resources/img/usb_open.jpg,1,hw_storage.php
http://itteacher.co.za/resources/img/usb_drive.jpg,1,hw_storage.php
http://itteacher.co.za/resources/img/flash_drive.jpg,1,hw_storage.php
http://itteacher.co.za/resources/img/ssd.jpg,1,hw_storage.php
http://itteacher.co.za/resources/img/ssd_nvme.png,1,hw_storage.php
http://itteacher.co.za/resources/img/ssd_pcie.png,1,hw_storage.php
http://itteacher.co.za/resources/img/ssd_anatomy.jpg,1,hw_storage.php
http://itteacher.co.za/resources/img/ssd_100.jpg,1,hw_storage.php
http://itteacher.co.za/resources/img/hybrid_anatomy.jpg,1,hw_storage.php
http://itteacher.co.za/resources/img/hybrid.jpg,1,hw_storage.php
http://itteacher.co.za/resources/img/cd_drive.jpg,1,hw_storage.php
http://itteacher.co.za/resources/img/text_code.jpg,1,im_ascii.php
https://learningopportunities.co.za/resources/img/illustrations/ascii.jpg,1,im_ascii.php
http://itteacher.co.za/resources/img/ascii_ext.jpg,1,im_ascii.php
https://imgs.xkcd.com/comics/the_history_of_unicode.png,1,im_ascii.php
http://itteacher.co.za/resources/img/bit.jpg,1,im_bits.php
http://itteacher.co.za/resources/img/byte.png,1,im_bits.php
http://itteacher.co.za/resources/img/kilo.jpg,1,im_bits.php
http://itteacher.co.za/resources/img/attention.png,1,im_bits.php
http://itteacher.co.za/resources/img/android_with_switches.png,1,im_data_representation.php
http://itteacher.co.za/resources/img/android_sitting_point_up.jpg,1,im_data_representation.php
http://itteacher.co.za/resources/img/android_sitting_point_down.jpg,1,im_data_representation.php
https://learningopportunities.co.za/resources/img/illustrations/binary_80.jpg,1,im_data_representation.php
http://itteacher.co.za/resources/img/android_sitting_point_right.jpg,1,im_data_representation.php
https://learningopportunities.co.za/resources/img/illustrations/hands_counting.gif,1,im_data_representation.php
http://itteacher.co.za/resources/img/binary_80.jpg,1,im_data_representation.php
https://learningopportunities.co.za/resources/img/illustrations/android_sitting_tray_left.jpg,1,im_data_representation.php
http://itteacher.co.za/resources/img/wex_nav.jpg,1,im_file_management.php
http://itteacher.co.za/resources/img/path.jpg,1,im_file_management.php
http://itteacher.co.za/resources/img/f_views.jpg,1,im_file_management.php
http://itteacher.co.za/resources/img/wex_view_icons.jpg,1,im_file_management.php
http://itteacher.co.za/resources/img/wex_list.jpg,1,im_file_management.php
http://itteacher.co.za/resources/img/file_list.jpg,1,im_file_management.php
http://itteacher.co.za/resources/img/wex_menu.jpg,1,im_file_management.php
http://itteacher.co.za/resources/img/wex_file.jpg,1,im_file_management.php
http://itteacher.co.za/resources/img/wex_home.jpg,1,im_file_management.php
http://itteacher.co.za/resources/img/wex_share.jpg,1,im_file_management.php
http://itteacher.co.za/resources/img/wex_view.jpg,1,im_file_management.php
http://itteacher.co.za/resources/img/wex_sidebar.jpg,1,im_file_management.php
https://learningopportunities.co.za/resources/img/illustrations/wex_files.jpg,1,im_file_management.php
http://itteacher.co.za/resources/img/favourites.jpg,1,im_file_management.php
http://itteacher.co.za/resources/img/file_info.jpg,1,im_file_management.php
http://itteacher.co.za/resources/img/windows_explorer.jpg,1,im_file_management.php
http://itteacher.co.za/resources/img/finder.jpg,1,im_file_management.php
http://itteacher.co.za/resources/img/extensions.jpg,1,im_file_management.php
http://itteacher.co.za/resources/img/compression.jpg,1,im_file_management.php
http://itteacher.co.za/resources/img/text.jpg,1,im_file_management.php
http://itteacher.co.za/resources/img/office_docs.jpg,1,im_file_management.php
http://itteacher.co.za/resources/img/graphics_media.jpg,1,im_file_management.php
http://itteacher.co.za/resources/img/fonts.jpg,1,im_file_management.php
http://itteacher.co.za/resources/img/source_code.jpg,1,im_file_management.php
http://itteacher.co.za/resources/img/executables.jpg,1,im_file_management.php
http://itteacher.co.za/resources/img/export_import.jpg,1,im_file_management.php
https://learningopportunities.co.za/resources/img/illustrations/5_information_management_prequiz.jpg,1,im_menu.html
https://learningopportunities.co.za/resources/img/illustrations/number_systems2.jpg,1,im_menu.html
https://learningopportunities.co.za/resources/img/illustrations/ascii_unicode.jpg,1,im_menu.html
https://learningopportunities.co.za/resources/img/illustrations/bits_bytes.jpg,1,im_menu.html
https://learningopportunities.co.za/resources/img/illustrations/primitives3.jpg,1,im_menu.html
https://learningopportunities.co.za/resources/img/illustrations/data_storage.jpg,1,im_menu.html
https://learningopportunities.co.za/resources/img/illustrations/file_management.jpg,1,im_menu.html
https://learningopportunities.co.za/resources/img/illustrations/5_information_management_pracquiz.jpg,1,im_menu.html
https://learningopportunities.co.za/resources/img/illustrations/5_information_management_finquiz.jpg,1,im_menu.html
http://itteacher.co.za/resources/img/number_systems.jpg,1,im_number_systems.php
http://itteacher.co.za/resources/img/decimal.jpg,1,im_number_systems.php
http://itteacher.co.za/resources/img/binary.jpg,1,im_number_systems.php
http://itteacher.co.za/resources/img/binary_step1.jpg,1,im_number_systems.php
http://itteacher.co.za/resources/img/binary_step2.jpg,1,im_number_systems.php
http://itteacher.co.za/resources/img/binary_step3.jpg,1,im_number_systems.php
http://itteacher.co.za/resources/img/d-b_step1.jpg,1,im_number_systems.php
http://itteacher.co.za/resources/img/d-b_step2.jpg,1,im_number_systems.php
http://itteacher.co.za/resources/img/d-b_step3.jpg,1,im_number_systems.php
http://itteacher.co.za/resources/img/hex.jpg,1,im_number_systems.php
http://itteacher.co.za/resources/img/counting_hex.gif,1,im_number_systems.php
http://itteacher.co.za/resources/img/hex_step1.jpg,1,im_number_systems.php
http://itteacher.co.za/resources/img/hex_step2.jpg,1,im_number_systems.php
http://itteacher.co.za/resources/img/hex_step3.jpg,1,im_number_systems.php
http://itteacher.co.za/resources/img/d-h_step1.jpg,1,im_number_systems.php
http://itteacher.co.za/resources/img/d-h_step2.jpg,1,im_number_systems.php
http://itteacher.co.za/resources/img/d-h_step3.jpg,1,im_number_systems.php
http://itteacher.co.za/resources/img/octal.jpg,1,im_number_systems.php
http://itteacher.co.za/resources/img/oct_step1.jpg,1,im_number_systems.php
http://itteacher.co.za/resources/img/oct_step2.jpg,1,im_number_systems.php
http://itteacher.co.za/resources/img/oct_step3.jpg,1,im_number_systems.php
http://itteacher.co.za/resources/img/d-o_step1.jpg,1,im_number_systems.php
http://itteacher.co.za/resources/img/d-o_step2.jpg,1,im_number_systems.php
http://itteacher.co.za/resources/img/d-o_step3.jpg,1,im_number_systems.php
http://itteacher.co.za/resources/img/memory.jpg,1,im_primitives.php
http://itteacher.co.za/resources/img/data_primitives.jpg,1,im_primitives.php
https://learningopportunities.co.za/resources/img/illustrations/content.jpg,1,index.html
https://learningopportunities.co.za/resources/img/illustrations/drilldown.jpg,1,index.html
https://learningopportunities.co.za/resources/img/illustrations/glossary.jpg,1,index.html
https://learningopportunities.co.za/resources/img/illustrations/faq.jpg,1,index.html
https://learningopportunities.co.za/resources/img/illustrations/quizzes.jpg,1,index.html
https://learningopportunities.co.za/resources/img/illustrations/videos.jpg,1,index.html
https://learningopportunities.co.za/resources/img/illustrations/cebo_point_right.png,1,index.html
https://learningopportunities.co.za/resources/img/illustrations/early_bird.png,1,index.html
https://learningopportunities.co.za/resources/img/illustrations/6_social_implications_prequiz.jpg,1,si_contents.html
https://learningopportunities.co.za/resources/img/illustrations/digital_design_s.jpg,1,si_contents.html
https://learningopportunities.co.za/resources/img/illustrations/licenses.jpg,1,si_contents.html
https://learningopportunities.co.za/resources/img/illustrations/plagiarism_s.jpg,1,si_contents.html
https://learningopportunities.co.za/resources/img/illustrations/green_comp.jpg,1,si_contents.html
https://learningopportunities.co.za/resources/img/illustrations/malware.jpg,1,si_contents.html
https://learningopportunities.co.za/resources/img/illustrations/6_social_implications_pracquiz.jpg,1,si_contents.html
https://learningopportunities.co.za/resources/img/illustrations/6_social_implications_finquiz.jpg,1,si_contents.html
http://itteacher.co.za/resources/img/cyber_crime.png,1,si_cyber_crime.php
http://itteacher.co.za/resources/img/hackers.jpg,1,si_cyber_crime.php
http://itteacher.co.za/resources/img/script_kiddie_win.jpg,1,si_cyber_crime.php
http://itteacher.co.za/resources/img/virus.jpg,1,si_cyber_crime.php
http://itteacher.co.za/resources/img/worm.jpg,1,si_cyber_crime.php
http://itteacher.co.za/resources/img/trojan.jpg,1,si_cyber_crime.php
http://itteacher.co.za/resources/img/phishing.jpg,1,si_cyber_crime.php
http://itteacher.co.za/resources/img/scam.jpg,1,si_cyber_crime.php
http://itteacher.co.za/resources/img/spyware.jpg,1,si_cyber_crime.php
https://learningopportunities.co.za/resources/img/illustrations/ransomware.jpg,1,si_cyber_crime.php
http://itteacher.co.za/resources/img/spam.jpg,1,si_cyber_crime.php
http://itteacher.co.za/resources/img/pharming2.jpg,1,si_cyber_crime.php
http://itteacher.co.za/resources/img/clickjacking.jpg,1,si_cyber_crime.php
http://itteacher.co.za/resources/img/spoofing.jpg,1,si_cyber_crime.php
http://itteacher.co.za/resources/img/internet_penetration.jpg,1,si_digital_divide.html
http://itteacher.co.za/resources/img/digital_divide_infographic.jpg,1,si_digital_divide.html
http://itteacher.co.za/resources/img/green_computing.png,1,si_green_computing.php
http://itteacher.co.za/resources/img/factory.jpg,1,si_green_computing.php
http://itteacher.co.za/resources/img/power.jpg,1,si_green_computing.php
http://itteacher.co.za/resources/img/green_power.jpg,1,si_green_computing.php
http://itteacher.co.za/resources/img/vampire_power.jpg,1,si_green_computing.php
http://itteacher.co.za/resources/img/ewaste.jpg,1,si_green_computing.php
http://itteacher.co.za/resources/img/ewaste_graph.jpg,1,si_green_computing.php
http://itteacher.co.za/resources/img/li_wei_point_left.png,1,si_intro.html
http://itteacher.co.za/resources/img/copyright.png,1,si_licensing.html
https://imgs.xkcd.com/comics/faust_20.png,1,si_licensing.html
http://itteacher.co.za/resources/img/drm1.jpg,1,si_licensing.html
https://imgs.xkcd.com/comics/steal_this_comic.png,1,si_licensing.html
http://itteacher.co.za/resources/img/plagiarism.jpg,1,si_plagiarism.php
https://learningopportunities.co.za/resources/img/illustrations/cartoon_plagiarism.jpg,1,si_plagiarism.php
http://itteacher.co.za/resources/img/productivity_software.jpg,1,sw_applications.php
http://itteacher.co.za/resources/img/software_word_processor.jpg,1,sw_applications.php
http://itteacher.co.za/resources/img/software_presentation.jpg,1,sw_applications.php
http://itteacher.co.za/resources/img/software_spreadsheet.jpg,1,sw_applications.php
http://itteacher.co.za/resources/img/software_suite.jpg,1,sw_applications.php
http://itteacher.co.za/resources/img/database.jpg,1,sw_applications.php
http://itteacher.co.za/resources/img/web_design.jpg,1,sw_applications.php
http://itteacher.co.za/resources/img/dtp.jpg,1,sw_applications.php
http://itteacher.co.za/resources/img/bitmap_grid.jpg,1,sw_applications.php
http://itteacher.co.za/resources/img/bitmap_notes.jpg,1,sw_applications.php
http://itteacher.co.za/resources/img/3d_graphics.jpg,1,sw_applications.php
http://itteacher.co.za/resources/img/video_editing.jpg,1,sw_applications.php
http://itteacher.co.za/resources/img/animator.jpg,1,sw_applications.php
http://itteacher.co.za/resources/img/accounting.jpg,1,sw_applications.php
http://itteacher.co.za/resources/img/gis.jpg,1,sw_applications.php
https://learningopportunities.co.za/resources/img/illustrations/khan_academy.jpg,1,sw_applications.php
http://itteacher.co.za/resources/img/esports.jpg,1,sw_applications.php
https://learningopportunities.co.za/resources/img/illustrations/3_software_prequiz.jpg,1,sw_contents.html
https://learningopportunities.co.za/resources/img/illustrations/sw_types.jpg,1,sw_contents.html
https://learningopportunities.co.za/resources/img/illustrations/sw_sys.jpg,1,sw_contents.html
https://learningopportunities.co.za/resources/img/illustrations/sw_app.jpg,1,sw_contents.html
https://learningopportunities.co.za/resources/img/illustrations/3_software_pracquiz.jpg,1,sw_contents.html
https://learningopportunities.co.za/resources/img/illustrations/3_software_finquiz.jpg,1,sw_contents.html
http://itteacher.co.za/resources/img/saas_2.jpg,1,sw_distribution.php
http://itteacher.co.za/resources/img/freeware.jpg,1,sw_distribution.php
http://itteacher.co.za/resources/img/oss.jpg,1,sw_distribution.php
http://itteacher.co.za/resources/img/windows_10.jpg,1,sw_systems.php
http://itteacher.co.za/resources/img/macos_mojave.jpg,1,sw_systems.php
http://itteacher.co.za/resources/img/linux.jpg,1,sw_systems.php
http://itteacher.co.za/resources/img/ipad.jpg,1,sw_systems.php
http://itteacher.co.za/resources/img/android.jpg,1,sw_systems.php
http://itteacher.co.za/resources/img/chromebook.jpg,1,sw_systems.php
http://itteacher.co.za/resources/img/command_prompt_windows.jpg,1,sw_systems.php
http://itteacher.co.za/resources/img/command_prompt_macos.jpg,1,sw_systems.php
http://itteacher.co.za/resources/img/windows_10_desktop.jpg,1,sw_systems.php
http://itteacher.co.za/resources/img/touchscreen_interface.jpg,1,sw_systems.php
http://itteacher.co.za/resources/img/brain_computer_interface.jpg,1,sw_systems.php
http://itteacher.co.za/resources/img/io_management.jpg,1,sw_systems.php
http://itteacher.co.za/resources/img/memory_management.jpg,1,sw_systems.php
http://itteacher.co.za/resources/img/hdd_cutaway.jpg,1,sw_systems.php
http://itteacher.co.za/resources/img/task_manager.jpg,1,sw_systems.php
http://itteacher.co.za/resources/img/utilities.png,1,sw_systems.php
http://itteacher.co.za/resources/img/device_driver.png,1,sw_systems.php
